<?xml version="1.0" encoding="UTF-8"?>
<project-private xmlns="http://www.netbeans.org/ns/project-private/1">
    <editor-bookmarks xmlns="http://www.netbeans.org/ns/editor-bookmarks/2" lastBookmarkId="0"/>
    <open-files xmlns="http://www.netbeans.org/ns/projectui-open-files/2">
        <group>
            <file>file:/C:/Users/ridao/Documents/Curso%202017-2018/TAD%20-%20Tecnologías%20Avanzadas%20de%20Desarrollo/EB/Tema%204/EPD10Ej2/server.js</file>
            <file>file:/C:/Users/ridao/Documents/Curso%202017-2018/TAD%20-%20Tecnologías%20Avanzadas%20de%20Desarrollo/EB/Tema%204/EPD10Ej2/app/controller.js</file>
        </group>
    </open-files>
</project-private>
